filename,status,pages,words
2025_review_generative_ai_computer_science_education_challenges.pdf,ok,13,8202
2026_evaluating_ai_generated_c_code_computing_education.pdf,ok,18,6668
2024_detecting_llm_generated_text_computing_education_comparative.pdf,ok,6,5563
2025_plan_acm_task_forceworking_group_ethical_societal.pdf,ok,2,1515
2024_kattis_vs_chatgpt_assessment_evaluation_programming_tasks.pdf,ok,7,5592
2025_generative_ai_postgraduate_computing_research_sub_saharan.pdf,ok,5,4707
2025_harnessing_generative_ai_chemical_engineering_education_implementation.pdf,ok,14,10448
2024_does_industry_5_0_need_engineering_education.pdf,ok,10,7182
2025_beyond_benefits_systematic_review_harms_consequences_generative.pdf,ok,18,19255
2024_enhancing_engineering_education_through_llm_driven_adaptive.pdf,ok,8,6144
2025_peer_assessment_leveraging_large_language_models_software.pdf,ok,40,34861
2026_summative_assessment_generative_ai_usage_within_academic.pdf,ok,4,4074
2023_chat_overflow_artificially_intelligent_models_computing_education.pdf,ok,2,1817
2024_experience_report_adopting_ai_usage_policy_software.pdf,ok,2,1572
2026_academic_integrity_students_ethical_use_chatgpt_higher.pdf,ok,29,14212
2025_integrating_large_language_model_ai_classroom_helping.pdf,ok,2,1776
2025_work_progress_investigating_chatgpt_grading_algebra_problems.pdf,ok,3,2007
2023_chatgpt_versus_engineering_education_assessment_multidisciplinary_multi.pdf,ok,57,27761
2025_pilots_practices_scoping_review_genai_enabled_personalization.pdf,ok,23,10516
2025_accessibility_responsibility_use_generative_ai_ukrainian_students.pdf,ok,10,7435
2025_algorithmic_thinking_risk_exploring_llm_use_computer.pdf,ok,15,5496
2024_bob_bot_exploring_chatgpt_s_answers_university.pdf,ok,32,17618
2024_first_year_cs_students_exploring_identifying_biases.pdf,ok,7,6810
2024_computer_science_education_chatgpt_era_experiences_experiment.pdf,ok,22,11314
2024_more_robots_coming_large_multimodal_models_chatgpt.pdf,ok,10,8680
2024_wip_post_assessment_processes_given_rise_generative.pdf,ok,4,4016
2025_integrating_peer_assessment_cycle_chatgpt_stem_education.pdf,ok,19,12544
2025_framework_assessment_design_era_generative_ai_case.pdf,ok,6,4564
2025_trust_adoption_generative_ai_university_education_opportunities.pdf,ok,10,7861
2025_subjective_intelligence_framework_generative_ai_stem_education.pdf,ok,37,21995
2026_did_alice_do_wrong_cross_cultural_differences.pdf,ok,23,11294
2024_explore_public_s_perspectives_generative_ai_computer.pdf,ok,9,7232
2026_fighting_fire_fire_llm_assisted_grading_handwritten.pdf,ok,7,5914
2024_incorporating_generative_ai_software_development_education.pdf,ok,4,3799
2025_enhancing_chatgpt_4o_s_automated_programming_assignment.pdf,missing,0,0
2025_analysis_generative_ai_policies_computing_course_syllabi.pdf,ok,7,6169
2026_reimagining_feedback_through_generative_ai_engineering_education.pdf,ok,17,14798
2024_decoding_academic_integrity_policies_corpus_linguistics_investigation.pdf,ok,20,9866
2025_navigating_chatgpt_asean_higher_education_ethical_pedagogical.pdf,ok,15,9033
2025_lessons_learned_embedding_generative_ai_cybersecurity_oriented.pdf,ok,2,1619
2025_exploratory_study_senior_computing_uk_academic_faculty.pdf,ok,10,9665
2026_impact_generative_artificial_intelligence_education_comprehensive_analysis.pdf,ok,72,39126
2025_educators_adoption_perceptions_generative_ai_tools_higher.pdf,ok,7,5536
2026_comparison_generative_ai_tools_engineering_education_practical.pdf,ok,16,12315
2025_exploring_students_familiarity_usage_patterns_perceptions_generative.pdf,ok,7,8178
2025_designing_guidelines_responsible_genai_usage_computer_science.pdf,ok,8,7357
2025_students_attitudes_cheating_before_after_chatgpt.pdf,ok,7,6402
2023_thrilled_your_progress_large_language_models_gpt.pdf,ok,15,13609
2024_postgraduate_student_perspective_academic_misconduct_era_essay.pdf,ok,7,6706
2024_navigating_dual_edges_ai_engineering_education_opportunities.pdf,ok,7,5383
2024_beyond_hype_perceptions_realities_large_language_models.pdf,ok,8,5062
2024_unveiling_generative_ai_higher_education_insights_engineering.pdf,ok,5,3309
2025_llm_enhanced_multi_agent_architecture_conversation_assessment.pdf,ok,26,23321
2025_coders_critics_empowering_students_through_peer_assessment.pdf,ok,6,5028
2025_seeing_forest_trees_solving_visual_graph_tree.pdf,ok,10,9493
2025_assessing_student_readiness_perceptions_chatgpt_learning_case.pdf,ok,26,12454
2024_wip_faculty_perceptions_chatgpt_survey_engineering_education.pdf,ok,4,2996
2025_generative_ai_student_software_development_projects_user.pdf,ok,10,8857
2025_advancing_self_directed_learning_stem_education_integrating.pdf,ok,20,9657
2024_chatgpt_classroom_analysis_strengths_weaknesses_solving_undergraduate.pdf,ok,7,6287
2024_llm_individual_contribution_summarization_software_projects.pdf,ok,2,1639
2024_chatgpt_cheat_detection_cs1_program_autograding_system.pdf,ok,7,5132
2024_performance_large_language_model_scoring_construction_management.pdf,ok,13,8751
2025_expanding_possibilities_generative_ai_qualitative_analysis_fostering.pdf,ok,31,20866
2025_role_artificial_intelligence_computer_science_education_systematic.pdf,ok,34,14658
2025_engineering_students_perceptions_use_generative_artificial_intelligence.pdf,ok,12,10525
2025_jorgpt_instructor_aided_grading_programming_assignments_large.pdf,ok,21,9754
2025_leveraging_chatgpt_3_5_automated_evaluation_time.pdf,missing,0,0
2025_chatgpt_engineering_teaching_learning_student_faculty_perspective.pdf,ok,5,3435
2025_learning_without_limits_analysing_usage_generative_ai.pdf,ok,4,3646
2025_what_differences_between_student_chatgpt_generated_pseudocode.pdf,ok,40,16280
2026_generative_artificial_intelligence_assisted_stem_education_systematic.pdf,ok,22,16808
2024_code_generation_grading_evaluating_auto_grading_mechanism.pdf,ok,7,5879
2025_bridging_educational_divide_chatgpt_s_integration_philippine.pdf,ok,28,12421
2025_generative_ai_education_retrieval_augmented_system_effective.pdf,ok,9,6783
2026_ai_anxiety_educational_opportunity_equitable_practical_uses.pdf,ok,13,7417
2025_ai_measurement_learning_challenge_assessment_opportunity_tutoring.pdf,ok,6,3557
2023_chatgpt_ethical_implications_stem_research_higher_education.pdf,ok,24,16246
2025_analysis_ai_teacher_feedback_grading_students_activities.pdf,ok,21,8878
2026_ai_procedural_equalizer_performance_comparison_programming_engineering.pdf,ok,19,8736
2024_assistance_misconduct_unpacking_complex_role_generative_ai.pdf,ok,8,6889
2024_automating_autograding_large_language_models_test_suite.pdf,ok,19,13326
2025_innovating_engineering_education_ai_case_study_chatgpt.pdf,ok,18,8476
2024_engineering_assessment_age_generative_artificial_intelligence_critical.pdf,ok,6,4384
2026_student_identification_social_economic_environmental_implications_generative.pdf,ok,21,12360
2025_advancing_engineering_education_age_ai_through_innovative.pdf,ok,5,3404
2025_rubric_all_you_need_improving_llm_code.pdf,ok,15,10821
2025_chatgpt_supportive_tool_creating_assessment_resources.pdf,ok,10,6413
2025_exploring_student_reactions_llm_generated_feedback_explain.pdf,ok,7,6951
2025_exploring_higher_education_faculty_insights_generative_ai.pdf,ok,54,20259
2023_chatgpt_can_you_generate_solutions_my_coding.pdf,ok,7,5997
2024_cheaters_ai_enhanced_learners_consequences_chatgpt_programming.pdf,ok,14,8348
2024_asag2024_combined_benchmark_short_answer_grading.pdf,ok,2,1941
2026_ai_disruption_engineering_education_analysis_changing_student.pdf,ok,34,15158
2024_avert_authorship_verification_evaluation_through_responsive_testing.pdf,ok,7,6376
2024_exploring_students_faculty_s_knowledge_attitudes_perceptions.pdf,ok,33,15279
2026_enhancing_student_focus_problem_solving_real_time.pdf,ok,15,5797
2025_educational_integration_esp32_project_learning_generative_ai.pdf,ok,6,4373
2023_exploring_chatgpt_s_impact_post_secondary_education.pdf,ok,7,6027
2024_gpt_bert_benchmarking_large_language_models_automated.pdf,ok,2,1733
2025_maintaining_assessment_validity_genai_era_insights_human.pdf,ok,6,5121
2024_does_improvement_ai_tools_necessitate_different_approach.pdf,ok,10,4440
2025_design_evaluation_ai_assisted_grading_tool_introductory.pdf,ok,7,6712
2026_ethical_frontier_chatgpt_s_cultural_impact_academic.pdf,ok,19,6899
2024_leveraging_genai_intelligent_tutoring_system_r_quantitative.pdf,ok,9,7600
2025_inquisitive_ai_feedback_enhance_formative_assessment_first.pdf,ok,6,5011
2025_who_s_doing_thinking_here_pedagogy_first.pdf,ok,3,2884
2024_integrating_large_language_models_engineering_education_redesigning.pdf,ok,6,3983
2025_designing_ai_enabled_engineering_courses_e_aip.pdf,ok,10,4261
2025_ai_assisted_assessment_dual_perspective_effective_usage.pdf,ok,10,9584
2025_evaluation_node_automatic_short_answer_tool_nodegrade.pdf,ok,10,8961
2025_chatgpt_assisted_retrieval_practice_exam_scores_does.pdf,ok,40,18058
2026_process_oriented_homework_instructor_designed_ai_bot.pdf,ok,7,6301
2025_replication_pedagogical_tool_teaching_ethical_practices_future.pdf,ok,8,6974
2026_llm_driven_feature_inference_analyzing_student_git.pdf,ok,14,8690
2025_stem_exam_performance_open_versus_closed_book.pdf,ok,9,5732
2024_chatgpt_has_eaten_my_assignment_student_centric.pdf,ok,3,2897
2026_ai_enabled_blended_teaching_information_theory_coding.pdf,ok,10,8474
2025_midterm_exam_outliers_efficiently_highlight_potential_cheaters.pdf,ok,6,4438
2026_teaching_microbiology_generative_ai_survey_style_playbook.pdf,ok,6,2800
2025_perceived_impact_artificial_intelligence_academic_learning.pdf,ok,13,10239
2024_assessing_learning_computer_programing_skills_age_generative.pdf,ok,9,6453
2026_scaffolding_genai_critical_reflection_transformative_approach_diverging.pdf,ok,7,6469
2023_revolutionizing_formative_assessment_stem_fields_leveraging_ai.pdf,ok,8,4892
2026_survey_feedback_types_automated_programming_assessment_systems.pdf,ok,35,14679
2024_llms_open_closed_book_examinations_final_year.pdf,ok,1,715
2025_deploying_language_model_assessment_support_technology_computer.pdf,ok,10,9081
2024_beyond_traditional_teaching_large_language_models_simulated.pdf,ok,7,5517
2025_assessment_integrity_validity_teaching_laboratory_adapting_genai.pdf,ok,30,15790
2025_ai_enhanced_cybersecurity_executive_reporting_experiential_writing.pdf,ok,5,3752
2023_evaluating_performance_code_generation_models_solving_parsons.pdf,ok,7,7403
2025_integration_artificial_intelligence_higher_education_programming_courses.pdf,ok,27,15019
2024_live_session_gamification_prairielearn.pdf,ok,2,1629
2025_redefining_code_comprehension_function_naming_mechanism_evaluating.pdf,ok,7,5893
2024_ai_grading_standup_updates_improve_project_learning.pdf,ok,7,5548
2025_direct_automated_feedback_delivery_student_submissions_llms.pdf,ok,11,9930
2025_evaluating_impact_assistive_ai_tools_learning_outcomes.pdf,ok,10,7493
2025_nifty_assignment_generator_integrating_cultural_relevance_belonging.pdf,ok,6,4150
2024_instructional_approaches_complementing_use_generative_artificial_intelligence.pdf,ok,6,5700
2026_integration_artificial_intelligence_teaching_chemical_technology_higher.pdf,ok,11,5816
2025_transforming_education_large_language_models_trends_themes.pdf,ok,21,10589
2025_generating_planning_feedback_open_ended_programming_exercises.pdf,ok,17,6924
2025_genscore_agent_short_answer_question_generation_scoring.pdf,ok,18,12903
2026_chartcode_flowchart_centric_educational_tool_introductory_programming.pdf,ok,7,4242
2023_plagiarism_ai_assistance_misuse_web_programming_unfair.pdf,ok,5,3798
2025_feedbot_formative_design_feedback_programming_assignments.pdf,ok,7,5827
2025_multi_examiner_knowledge_graph_driven_system_generating.pdf,ok,31,13922
2025_enhancing_reflective_learning_through_self_revision_quizzes.pdf,ok,9,5932
2025_promise_pitfalls_literature_review_generative_artificial_intelligence.pdf,ok,18,13500
2024_explaining_code_purpose_integrated_approach_developing_code.pdf,ok,7,7086
2026_scientific_creative_thinking_test_sctt_reliability_validity.pdf,ok,27,15106
2026_rethinking_future_data_science_education_case_thoughtful.pdf,ok,6,4956
2024_examples_tutorials_google_colab_gradio_create_online.pdf,ok,17,10045
2025_scaling_evaluation_non_objective_assessments_ai_solutions.pdf,ok,72,39126
2026_generative_artificial_intelligence_tertiary_level_education_bangladesh.pdf,ok,32,14079
2025_revolutionizing_education_generative_ai_catalyst_personalized_learning.pdf,ok,6,4549
2025_generative_ai_engineering_education_survey_student_instructor.pdf,ok,6,3725
2026_curriculum_grounded_ai_tutoring_system.pdf,ok,6,3693
2025_leveraging_multi_modality_collaborative_filtering_supporting_automatic.pdf,missing,0,0
2026_automating_exam_evaluation_generative_ai_genai.pdf,ok,6,4751
2026_leveraging_prompt_llms_automated_scoring_feedback_generation.pdf,ok,14,10452
2025_developing_written_communication_skills_engineering_education_automated.pdf,ok,9,7472
2026_document_verify_explain_transparent_accountability_framework_equitable.pdf,ok,5,3111
2026_enhancing_writing_voice_communication_automated_feedback_generation.pdf,ok,6,3816
2026_role_generative_artificial_intelligence_higher_education_applications.pdf,ok,72,39126
2026_intelligent_feedback_individualized_introductory_programming_exercises.pdf,ok,15,10327
2026_exploring_trust_human_llm_feedback_systems_observation.pdf,ok,2,1373
2026_use_artificial_intelligence_tools_higher_education_exploratory.pdf,missing,0,0
2026_transforming_pedagogy_genai_supported_formative_assessment_challenges.pdf,ok,17,9962
2026_future_grading_can_llms_accurately_score_student.pdf,missing,0,0
2025_evaluating_handwritten_multimodal_free_style_responses_algorithms.pdf,ok,7,4630
2025_applying_large_language_models_enhance_assessment_java.pdf,ok,11,10311
2026_exploratory_machine_learning_approach_understanding_determinants_future.pdf,ok,24,19482
2025_multimodal_large_language_models_physics_visual_tasks.pdf,ok,21,9659
2026_dmn_guided_prompting_framework_controlling_llm_behavior.pdf,ok,15,11539
2025_person_person_tool_tool_chatgpts_role_student.pdf,ok,6,5085
2026_hows_genai_infusion_going_lessons_integrating_ai.pdf,ok,2,1669
2025_chatgpt_engineering_education_breakthrough_challenge.pdf,ok,14,7463
2025_exploring_use_chatgpt_computer_science_students_software.pdf,ok,12,4524
2026_architecture_ai_mediated_learning_three_layer_framework.pdf,ok,26,13840
2025_generative_ai_education_mapping_research_landscape_through.pdf,ok,25,12435
2025_enhancing_automatic_grading_sql_query_assignments_generative.pdf,ok,6,4141
2026_generative_ai_higher_education_leap_beyond_chatbots.pdf,missing,0,0
2025_case_study_factors_influencing_college_students_perception.pdf,ok,4,2832
2025_influence_chatgpt_generative_ai_continuous_learning_skill.pdf,ok,53,15469
2025_llmarking_adaptive_automatic_short_answer_grading_large.pdf,ok,11,9326
2026_effective_learning_strategies_stem_ai_teaching.pdf,ok,20,18457
2025_role_ai_powered_mobile_applications_modernizing_classroom.pdf,ok,6,3590
2025_creation_evaluation_ai_assistant_gpt_educational_experience.pdf,ok,17,8470
2025_rubric_guided_evaluation_framework_consistent_scoring_large.pdf,ok,6,4725
2026_reimagining_leadership_assessment_comparative_study_human_ai.pdf,ok,6,4137
2025_possibility_chatgpt_application_mechanical_design_education_comparative.pdf,ok,11,2036
2025_sortinghat_redefining_operating_systems_education_tailored_digital.pdf,ok,4,2807
2026_chatgpt_education_critical_overview_breakthroughs_challenges.pdf,missing,0,0
2025_student_perspectives_ai_powered_learning_tools_exploratory.pdf,ok,7,4019
2025_comparing_ai_human_assessment_academic_writing_skills.pdf,ok,7,2942
2026_codeguard_improving_llm_guardrails_cs_education.pdf,ok,13,6971
2025_framework_generative_ai_driven_assessment_higher_education.pdf,ok,22,10861
2026_rethinking_educational_assessment_age_artificial_intelligence.pdf,ok,14,4793
2026_ai_automated_scoring_layer_large_language_models.pdf,ok,23,10521
2026_keel_knowledge_engineering_educators_layer.pdf,ok,55,20342
2026_rest_robots_generative_ai_post_introductory_computing.pdf,ok,47,37613
2025_generative_ai_design_develop_educational_games_engineering.pdf,ok,12,7751
2025_systematic_review_large_language_model_applications_programming.pdf,ok,13,5647
2026_autograder_multi_faceted_ai_framework_rich_pedagogical.pdf,ok,10,7113
2025_systematic_literature_review_generative_artificial_intelligence_genai.pdf,ok,22,19236
2026_perceived_learning_vs_engagement_ai_assisted_homework.pdf,ok,25,11520
2026_knowledge_gaps_learning_opportunities_leveraging_student_questions.pdf,ok,14,12687
2025_artificial_intelligence_adoption_higher_education_nigeria.pdf,ok,17,7280
2025_flexigrader_llm_personalized_autograder_enable_flexible_open.pdf,ok,17,6521
2026_assessing_writing_progress_engineering_students_through_lexical.pdf,missing,0,0
2026_leveraging_ai_2d_technical_drawing_analysis_feedback.pdf,ok,22,6779
2025_adapting_ai_innovative_approaches_homework_computer_science.pdf,ok,5,2786
2026_programming_education_llms_npcs_dialogical_learning_framework.pdf,ok,5,2966
2025_secondary_school_teachers_experiences_generative_ai_maltese.pdf,ok,19,8145
2025_understanding_effect_risk_perception_acceptance_use_large.pdf,ok,21,11129
2026_prompt_engineering_intervention_enhancing_proficiency_ai_self.pdf,ok,14,13311
2025_conversational_generative_artificial_intelligence_humanchatbot_interaction_education.pdf,ok,31,15959
2026_lightweight_intelligent_feedback_system_student_code_submissions.pdf,ok,17,6440
2025_vclass_engager_generative_ai_system_enhancing_student.pdf,ok,32,14488
2026_design_quantitative_evaluation_interviewai_voice_llm_system.pdf,ok,7,4764
2026_ai_driven_self_assessment_proctoring_system.pdf,ok,12,3362
2025_ethical_societal_impacts_generative_ai_higher_computing.pdf,ok,2,1454
2025_developing_institutional_ai_digital_assistant_age_industry.pdf,ok,19,10225
2025_technology_adoption_learning_preferences_computing_science_higher.pdf,ok,3,2897
2025_hybrid_system_automated_assessment_korean_l2_writing.pdf,ok,21,10520
2025_comparative_study_large_language_models_programming_education.pdf,ok,12,6115
2026_academiq_harnessing_prompt_engineering_generative_ai_enhanced.pdf,ok,6,4343
2025_chatgpt_improving_college_english_learning_outcomes_comparative.pdf,ok,4,2599
2025_integrating_generative_ai_higher_education_systems_africa.pdf,ok,324,97423
2026_exploration_chatgpt_personalized_learning_behavioral_flow_analysis.pdf,ok,14,13311
2025_saving_writing_classes_extinction_chatgpt_part_teaching.pdf,ok,12,7463
2025_technology_acceptance_model_tam_meta_analytic_structural.pdf,missing,0,0
2025_can_llms_fair_graders_only_if_you.pdf,ok,9,7016
2025_blockchain_technology_sociotechnical_cybersecurity_educational_learning_ecosystems.pdf,ok,7,6171
2026_teaching_ai_classroom_integrating_ai_modules_undergraduate.pdf,missing,0,0
2025_global_research_landscape_ai_education_bibliometric_analysis.pdf,ok,9,6689
2026_solving_better_than_evaluating_genai_solutions.pdf,ok,2,1656
2025_integrating_llms_software_engineering_education_motivators_demotivators.pdf,ok,10,8549
2025_chatgpt_assessment_development_design_manufacturing_engineering_education.pdf,ok,28,9553
2025_comprehensive_review_automated_grading_systems_stem_ai.pdf,ok,23,12013
2025_measuring_graduate_students_use_chatgpt_academic_writing.pdf,ok,19,8966
2026_research_application_ethical_boundaries_aigc_transformer_architecture.pdf,ok,9,5971
2025_nlp_generative_ai_language_learning_assessment_synergies.pdf,missing,0,0
2026_strategies_practices_enhancing_higher_education_faculty_teaching.pdf,ok,7,4586
2026_redesigning_learning_activities_age_ai.pdf,missing,0,0
2025_generative_ai_education_exploring_eap_faculty_perspectives.pdf,ok,19,8029
2025_enhancing_secondary_computer_science_education_implementing_ai.pdf,ok,2,1015
2025_special_session_use_generative_ai_designing_evaluating.pdf,ok,3,1905
2026_topic_level_feedback_summarization_explanation_classroom_response.pdf,ok,2,1733
2026_schema_cognition_embodied_cognition_social_cognition_impact.pdf,ok,12,11149
2025_generative_ai_use_ischools_analysis_policies.pdf,ok,7,4659
2026_generative_ai_supported_flipped_classroom_model_personalized.pdf,missing,0,0
2025_large_language_models_computer_science_classrooms_ethical.pdf,ok,58,26542
2025_hybrid_assessment_approach_ai_enhanced_challenge_learning.pdf,ok,14,4021
2026_trusting_ai_detect_ai_systematic_evaluation_reliability.pdf,ok,21,16167
2026_llm_evaluation_software_engineering_curriculum_coverage_against.pdf,ok,6,2957
2025_genai_powered_feedback_system_automated_short_answer.pdf,ok,5,3246
2026_students_engagement_generative_ai_academic_learning_self.pdf,ok,13,11729
2026_implications_large_language_models_database_management_system.pdf,ok,2,1652
2026_meta_edu_adaptive_multi_agent_framework_educational.pdf,ok,6,4167
2026_research_impact_ai_teaching_assistants_electrical_engineering.pdf,missing,0,0
2025_exploring_affordances_generative_ai_academic_writing_disabled.pdf,ok,8,5473
2025_wip_large_language_model_enhanced_smart_tutor.pdf,ok,5,3880
2025_ai_translation_quality_assessment_case_study_chatgpt.pdf,ok,28,14788
2026_cheating_ai_copy_pasting_llms_new_realities.pdf,ok,12,3961
2025_evaluating_efficacy_llms_assessing_software_quality_assurance.pdf,ok,5,4899
2025_lightweight_scalable_3d_scanning_system_indoor_spaces.pdf,ok,4,2973
2026_assessing_uml_diagrams_gpt_implications_education.pdf,ok,16,15215
2025_automated_grading_open_ended_questions_higher_education.pdf,ok,34,14571
2025_generative_ai_powered_teaching_learning_engineering_project.pdf,missing,0,0
2026_romanticising_algorithm_power_dynamics_ideological_implications_humanai.pdf,ok,15,10851
2026_faculty_insights_utilizing_generative_ai_professional_programs.pdf,missing,0,0
2026_role_prompt_engineering_ai_essay_scoring_comparative.pdf,ok,6,4309
2026_role_self_efficacy_technological_readiness_student_reliance.pdf,ok,6,4801
2025_use_perception_generative_ai_higher_education_insights.pdf,ok,12,7505
2026_automatic_short_answer_grading_llms_memorization_reasoning.pdf,ok,10,9030
2025_wip_can_you_do_my_homework_other.pdf,ok,5,5374
2025_utilization_artificial_intelligence_tools_engineering_education_among.pdf,ok,18,5689
2025_comprehensive_review_applications_ai_technologies_higher_engineering.pdf,ok,25,11777
2025_arab_efl_students_engagement_prompt_engineered_ai.pdf,ok,8,7111
2026_artificial_intelligence_chemical_engineering_education_opportunities_challenges.pdf,ok,8,5201
2025_adopting_generative_ai_higher_education_dual_perspective.pdf,ok,35,18006
2025_board_77_perception_impact_generative_artificial_intelligence.pdf,ok,32,7854
2026_evaluating_large_language_models_engineering_education_multi.pdf,ok,17,12736
2025_challenges_limitations_artificial_intelligence_generated_content_aigc.pdf,ok,7,5516
2025_integrative_ai_practices_across_disciplines_innovations_computer.pdf,ok,10,7119
2025_automated_grading_approach_open_ended_stem_answers.pdf,ok,6,5465
2025_fostering_reflection_engineering_approach_mandatory_first_year.pdf,ok,12,4315
2025_zero_shot_llm_framework_automated_assignment_grading.pdf,ok,24,6498
2025_practices_challenges_training_needs_faculty_terms_generative.pdf,ok,9,5787
2026_navigating_ethical_societal_impacts_generative_ai_higher.pdf,ok,47,40196
2025_enhancing_student_feedback_data_science_education_harnessing.pdf,ok,24,9989
2025_automated_subjective_answer_evaluation_genai_nlp_enhancing.pdf,ok,7,4015
2025_generative_artificial_intelligence_transversal_competencies_higher_education.pdf,ok,27,13232
2025_evaluating_generative_ai_cs1_code_grading_direct.pdf,ok,6,3496
2025_systematic_literature_review_practical_applications_artificial_intelligence.pdf,ok,7,5691
2025_artificial_intelligence_support_tool_teaching_programming_future.pdf,ok,7,4900
2026_devils_advocates_wear_ai_exploring_assistive_role.pdf,ok,1,1383
2025_evaluating_google_geminis_capability_generate_nbme_standard.pdf,ok,16,7768
2026_empowering_university_ai_assistants_improving_llm_performance.pdf,ok,31,10014
2026_smart_vr_education_media_production_integrating_ai.pdf,ok,23,11078
2025_bibliometric_analysis_chatgpt_field_education_global_trends.pdf,ok,6,3973
2025_beyond_assessment_security_critical_policy_analysis_four.pdf,ok,23,11207
2026_further_study_leveraging_llm_tutoring_systems_non.pdf,ok,10,8150
2026_generative_ai_ethical_integration_higher_education_navigating.pdf,ok,6,6382
2026_between_assistance_dependence_university_students_perceptions_generative.pdf,ok,6,3787
2026_teaching_ai_systematic_review_chatbots_generative_tools.pdf,ok,34,12305
2025_humanfr_text_authenticity_assessment_engine_academic_integrity.pdf,missing,0,0
2025_understanding_supporting_student_problem_solving_mathematics_exams.pdf,ok,9,5263
2025_gradepulse_generative_ai_assisted_framework_automated_student.pdf,ok,6,3054
2025_transforming_k_12_stem_education_personalized_learning.pdf,ok,12,5126
2025_learn_labs_investigating_role_generative_ai_enhancing.pdf,ok,6,4483
2025_adoption_chatbots_higher_education_global_insights_recommendations.pdf,ok,6,4433
2025_ai_hallucination_context_education_exploring_college_students.pdf,ok,5,4069
2025_framework_understanding_role_generative_ai_engineering_education.pdf,ok,16,5658
2025_large_language_models_llms_programming_learning_current.pdf,ok,20,16997
2025_impact_artificial_intelligence_ai_engineering_students_academic.pdf,ok,6,5093
2025_automated_essay_scoring_chatgpt.pdf,ok,13,10227
2024_prompt_engineering_personalized_assessment_formative_assessment_technical.pdf,ok,25,13573
2025_gpt_4_automatic_grading_system_open_ended.pdf,ok,7,4093
2025_showcasing_chatbot_suite_multi_domain_academic_pre.pdf,ok,6,4911
2023_chatgpt_game_changer_embedding_emojis_faculty_feedback.pdf,ok,8,6548
2025_ratas_genai_approach_explainable_scalable_automated_answer.pdf,ok,6,5123
2025_enhancing_automated_grading_science_education_through_llm.pdf,ok,9,6490
2025_gai_versus_teacher_scoring_which_better_assessing.pdf,ok,12,10349
2023_modernizing_engineering_education_2023_minimizing_academic_honesty.pdf,missing,0,0
2025_research_object_oriented_programming_teaching_evaluation_method.pdf,ok,6,6171
2025_unpacking_generative_ai_education_computational_modeling_teacher.pdf,ok,12,9942
2025_chatgpt_me_dual_factor_examination.pdf,ok,17,9639
2025_optimizing_self_regulated_learning_mixed_methods_study.pdf,ok,20,8946
2024_automatic_grading_short_answers_large_language_models.pdf,ok,10,7845
2025_transforming_education_generative_ai_comprehensive_review_advancements.pdf,ok,18,14246
2023_enhancing_mathematics_education_through_ai_chatbots_flipped.pdf,ok,8,6833
2024_benchmark_testing_capabilities_llms_assessing_quality_multiple.pdf,ok,7,5934
2024_use_chat_gpt_english_engineering_classes_students.pdf,ok,18,8968
2025_board_72_leveraging_large_language_models_create.pdf,ok,13,4492
2025_generative_ai_tool_enhancing_reflective_learning_students.pdf,ok,6,5065
2025_board_311_rapid_k_12_teacher_perceptions.pdf,ok,7,1737
2025_full_action_methodology_integrated_results_engineering_education.pdf,ok,6,4569
2025_llm_automated_grading_human_loop.pdf,ok,8,6951
2025_exploring_undergraduate_students_utilization_perceptions_generative_ai.pdf,ok,8,6748
2025_technological_acceptance_motivation_generative_artificial_intelligence_genai.pdf,ok,5,3742
2025_smart_ethical_education_age_genai.pdf,ok,8,5008
2025_evaluating_effectiveness_generative_ai_automated_quiz_creation.pdf,ok,18,6980
2025_wip_ai_driven_personalized_learning_introductory_computing.pdf,ok,13,3496
2025_automated_essay_scoring_thai_engineering_students_large.pdf,ok,5,3708
2025_framework_hybrid_human_ai_learning_insights_liberal.pdf,ok,29,6888
2025_development_automated_system_generating_assignments_mathematical_disciplines.pdf,ok,3,2375
2025_large_language_models_create_universal_framework_secure.pdf,ok,6,4015
2025_generative_ai_higher_education_systematic_literature_review.pdf,ok,8,6138
2025_chatgpt_engineering_education_revolutionizing_writing_navigating_ethics.pdf,ok,17,7333
2024_multimodal_llms_graders_gui_design_course.pdf,ok,4,3272
2025_ace_up_your_sleeve_analysis_student_generative.pdf,ok,19,7383
2025_intelligent_examination_system_driven_large_language_models.pdf,ok,5,2994
2025_students_perceptions_use_llms_requirements_engineering_education.pdf,ok,12,9607
2025_computer_practical_course_assessment_large_language_models.pdf,ok,6,4446
2025_generative_artificial_intelligence_university_education.pdf,ok,6,4133
2025_board_105_work_progress_voices_future_student.pdf,ok,11,4109
2024_enhancing_stem_education_chatgpt_case_study_developing.pdf,ok,6,4566
2025_ales_platform_state_art_gap_analysis_academic.pdf,ok,14,6059
2025_snake_quiz_game_play_ai_resistant_multiple.pdf,ok,6,3304
2025_making_genai_socratic_computational_thinking.pdf,ok,8,5972
2025_engaging_effective_assessments_age_generative_ai_student.pdf,ok,9,3328
2025_evaluating_potential_llms_better_short_answer_scoring.pdf,ok,12,8278
2025_intellia_intelligent_educational_assignment_practicing_platform_driven.pdf,missing,0,0
2025_exploring_engineering_students_artificial_intelligence_ai_literacy.pdf,ok,7,4162
2025_wip_progressing_micro_credentialing_micro_recruiting_connecting.pdf,ok,5,4231
2025_gifts_integrating_generative_ai_first_year_engineering.pdf,ok,9,3545
2025_generative_ai_assessment_feedback_generation_higher_education.pdf,ok,11,9716
2025_conceptualizing_authenticity_generative_ai_driven_e_learning.pdf,ok,8,7029
2025_board_90_wip_evaluating_programming_skills_age.pdf,ok,7,2495
2025_perceptions_adoption_generative_ai_tools_among_undergraduate.pdf,ok,6,4647
2025_analyzing_impact_chatgpt_student_over_reliance_plagiarism.pdf,ok,7,5443
2025_leveraging_llms_student_assessment_generation_engineering_education.pdf,ok,8,5939
2025_ai_enabled_learner_centric_platform_reduce_cognitive.pdf,ok,8,6289
2025_lecturer_training_generative_ai_higher_education_pilot.pdf,ok,4,3219
2025_semantic_similarity_detection_ai_generated_academic_content.pdf,ok,5,3351
2025_ireflect_enhancing_reflective_learning_llms_study_automated.pdf,ok,6,2494
2025_transforming_education_ai_concise_overview.pdf,ok,6,4813
2024_evaluating_chatgpt_s_performance_euus_ehealth_work.pdf,ok,2,619
2025_empirical_study_enhancement_english_writing_skills_among.pdf,ok,4,3313
2025_wip_guiding_not_giving_analyzing_effectiveness_guided.pdf,ok,5,4382
2025_ai_powered_answer_sheet_evaluator_ocr_large.pdf,ok,6,3630
2024_interactive_rubric_generator_instructor_s_assessment_prompt.pdf,ok,9,6081
2025_rag_sliitbot_sri_lankan_universities_develop_ai.pdf,ok,6,4331
2024_college_exam_grader_llm_ai_models.pdf,ok,8,6687
2025_harnessing_generative_ai_wave_fair_diverse_higher.pdf,ok,9,5801
2025_ai_driven_tool_supporting_algorithmic_thinking_programming.pdf,ok,5,3790
2025_exploring_ethical_use_ai_technologies_applications_academic.pdf,ok,4,3379
2025_exploring_capability_generative_ai_engineering_lab_report.pdf,ok,24,7713
2025_leveraging_llm_gai_agents_authentic_assessment_competency.pdf,ok,8,5831
2025_prompt_engineering_large_language_models_healthcare_decision.pdf,ok,5,3421
2025_role_ai_transforming_education_systematic_review_trends.pdf,ok,6,5360
2025_aduvia_multi_purpose_ai_powered_learning_management.pdf,ok,4,2962
2024_evaluating_transforming_you_your_colleagues_assessments_age.pdf,ok,7,2290
2025_incorporating_ai_structural_engineering_computer_lab.pdf,ok,21,7394
2024_enhancing_performance_factor_analysis_through_skill_profile.pdf,ok,19,14162
2024_gauging_capability_artificial_intelligence_chatbot_tools_answer.pdf,ok,7,4959
2025_development_responsible_attitudes_ai_generated_results_among.pdf,ok,5,4002
2025_permitting_genai_use_assessments_introductory_programming_course.pdf,ok,5,3740
2025_leveraging_large_language_models_assist_teachers_code.pdf,ok,40,34861
2025_creating_ai_personas_educational_settings_prepared4ed_approach.pdf,ok,8,2226
2023_addressing_academic_misconduct_age_chatgpt_strategies_solutions.pdf,ok,7,5282
2024_potential_ai_electrical_electronic_engineering_education_review.pdf,ok,6,4774
2025_wip_developing_generative_ai_literacy_module_engineering.pdf,ok,5,3786
2025_perceived_risk_generative_ai_adoption_initial_teacher.pdf,ok,8,5139
2025_navigating_ai_adoption_challenges_suggested_solutions_college.pdf,ok,7,5805
2025_enhancing_inquiry_learning_human_factors_engineering_generative.pdf,missing,0,0
2025_understanding_student_cheating_generative_ai_through_lens.pdf,ok,6,5433
2024_enhancing_llm_feedback_insights_intelligent_tutoring_systems.pdf,ok,14,5133
2025_systematic_literature_review_large_language_models_applications.pdf,ok,12,8278
2024_llm_generative_ai_students_exam_code_evaluation.pdf,ok,6,5192
2025_enhancing_teaching_quality_through_llm_experimental_study.pdf,ok,7,5146
2024_leveraging_generative_ai_assessing_student_reports_engineering.pdf,ok,11,3200
2024_evalquiz_llm_automated_generation_self_assessment_quizzes.pdf,ok,12,4802
2025_understanding_potential_benefits_genai_educational_institutions.pdf,ok,18,9268
2024_beyond_scores_modular_rag_system_automatic_short.pdf,ok,15,8261
2024_applications_implication_generative_ai_non_stem_disciplines.pdf,ok,10,9
2024_impact_aigc_modern_education_transforming_learning_teaching.pdf,ok,6,4971
2025_age_llms_dual_submission_homework_dead.pdf,ok,11,3063
2025_explaining_computer_enhancing_student_assessment_programming_simulating.pdf,missing,0,0
2023_my_ai_wants_know_if_will_exam.pdf,ok,8,6748
2025_exploring_ethical_awareness_learning_impact_study_use.pdf,ok,5,4041
2025_enhancing_image_text_multiple_choice_exam_design.pdf,ok,19,7546
2025_assessing_impact_use_generative_ai_developing_assessment.pdf,ok,46,17735
2024_grading_documentation_machine_learning.pdf,ok,14,4734
2025_litterbox_teaching_assistant_chatbot_computer_organization_architecture.pdf,ok,9,5198
2025_global_educator_typologies_chatgpt_adoption_data_driven.pdf,ok,6,4647
2024_exploring_explainability_transparency_automated_essay_scoring_systems.pdf,ok,30,20369
2025_ai_afact_designing_ai_assisted_formative_assessment.pdf,ok,8,4976
2025_ai_higher_education_initial_teacher_training_critical.pdf,ok,8,6485
2025_research_retrieval_augmented_architecture_design_implications_generative.pdf,ok,9,5634
2025_pyevalai_open_source_tutor_loop_system_ai.pdf,ok,8,5485
2025_comparison_claude_sonnet_opus_chatgpt_gpt_4.pdf,ok,6,3544
2025_help_hype_exploring_llm_chatbots_self_regulated.pdf,ok,21,9760
2025_developing_human_experience_experts_design_educations_process.pdf,missing,0,0
2025_rubra_agentic_ai_system_automatic_short_answer.pdf,ok,6,3992
2025_preliminary_evaluation_llm_system_grading_providing_feedback.pdf,ok,29,13599
2025_evaluating_source_code_embeddings_llms_educational_downstream.pdf,ok,9,6461
2025_ai_real_time_feedback_system_automated_assignment.pdf,ok,9,6316
2025_automated_grading_engineering_statics_assignments_large_language.pdf,ok,10,3464
2024_generative_ai_support_pk_12_teaching_learning.pdf,ok,2,1305
2025_large_language_models_graduate_information_science_education.pdf,ok,5,3443
2025_wip_ai_virtual_assistant_supporting_large_engineering.pdf,ok,5,4663
2025_do_more_less_five_years_teaching_short.pdf,ok,8,6874
2024_effective_generative_ai_implementation_developing_country_universities.pdf,ok,4,2570
2025_wip_effectiveness_rubric_llm_feedback_programming_assessments.pdf,ok,7,2665
2025_can_llm_pass_cs1_course.pdf,ok,6,3582
2025_llm_contribution_summarization_software_projects.pdf,ok,8,6520
2025_intellectus_ai_model_enhance_student_cognitive_performance.pdf,ok,6,4385
2025_engineering_students_emotional_engagement_generative_ai_learning.pdf,ok,6,4398
2025_automated_diagram_evaluation_stem_education_review_current.pdf,ok,6,4118
2024_learners_contributors_redefining_bachelor_s_master_s.pdf,ok,5,2461
2023_analysis_plagiarism_chatgpt_domain_specific_exams.pdf,ok,8,6552
2025_adoption_usage_perceptions_llm_generated_feedback_computer.pdf,ok,9,7814
2025_navigating_new_landscape_conceptual_model_project_assessment.pdf,ok,9,6564
2025_ai_resilient_assessment_engineering_education_evaluating_student.pdf,ok,8,6349
2026_innovative_generative_ai_resistant_assessment_methods_engineering.pdf,ok,5,4622
2025_leveraging_integration_generative_ai_computational_intelligence_computer.pdf,ok,8,5791
2024_text_speech_user_interface_chatgpt.pdf,ok,5,3386
2025_generative_ai_engineering_computing_education_scoping_review.pdf,ok,22,13050
2026_explainable_artificial_intelligence_methods_improve_knowledge_assessment.pdf,ok,4,3383
2024_leveraging_video_presentation_coursework_enhance_engineering_education.pdf,ok,9,7861
2024_two_sides_same_coin_differing_approaches_generative.pdf,ok,9,8664
2025_teacher_ai_collaboration_hybrid_framework_streamlining_verbal.pdf,ok,6,4959
2026_aaec_framework_bridging_authentic_assessment_accreditation_engineering.pdf,ok,6,5180
2025_stem_faculty_perspectives_assessment_design_era_generative.pdf,ok,6,5861
2025_students_perceptions_use_generative_ai_enhancing_teaching.pdf,ok,17,13607
2026_practical_solutions_integrating_generative_ai_modern_engineering.pdf,ok,6,4793
2026_responsible_use_generative_ai_context_capstone_electrical.pdf,ok,5,4129
2023_student_mastery_ai_deception_analyzing_chatgpt_s.pdf,ok,7,4733
2025_electrical_computer_engineering_freshmen_generative_ai_awareness.pdf,ok,8,6425
2025_reform_higher_education_era_ai_large_models.pdf,ok,5,3865
2025_impact_generative_artificial_intelligence_software_engineering_education.pdf,ok,9,6830
2026_ai_co_reviewer_evaluating_trust_usefulness_generative.pdf,ok,6,4399
2026_first_steps_automated_grading_handwritten_short_answers.pdf,ok,4,2642
2025_use_chatgpt_assessment_feedback_complex_programming_assessment.pdf,ok,6,4630
2025_comparative_analysis_ai_literacy_adoption_among_engineering.pdf,ok,6,4537
2025_how_do_engineering_students_view_use_generative.pdf,ok,6,5142
2025_harnessing_generative_ai_pedagogical_innovation_higher_education.pdf,ok,6,4555
2025_detecting_large_language_models_exam_essays.pdf,ok,6,5410
2026_influence_ai_use_policies_student_performance_ethical.pdf,ok,6,4206
2025_impact_chatbots_students_reflective_thinking_introductory_programming.pdf,ok,10,8181
2026_can_design_ai_resilient_programming_assessments_reflections.pdf,ok,6,4424
2025_stepgrade_grading_programming_assignments_context_aware_llms.pdf,ok,6,5839
2025_wip_protect_framework_preserving_project_learning_integrity.pdf,ok,5,3836
2025_enhancing_automated_assignment_assessment_higher_education_cnnbilstm.pdf,ok,6,4367
2025_how_students_use_generative_ai_insights_conversation.pdf,ok,7,5676
2024_evaluating_impact_unrestricted_genai_usage_experiential_learning.pdf,ok,7,4175
2023_recommendations_create_programming_exercises_overcome_chatgpt.pdf,ok,5,4495
2025_how_automate_feedback_diagrammatic_reasoning_relevant_degree.pdf,ok,10,8312
2025_mesa_model_evaluating_subjective_answers_ai.pdf,ok,6,4271
2024_evaluating_large_language_model_accuracy_structured_academic.pdf,ok,7,4773
2024_assessing_ai_detectors_identifying_ai_generated_code.pdf,ok,11,9067
2024_generative_artificial_intelligence_tools_software_engineering_courses.pdf,ok,2,1018
2025_bibliometric_exposition_review_leveraging_llms_programming_education.pdf,ok,30,21072
2025_anti_cheating_online_exam_through_hand_gesture.pdf,ok,6,5119
2025_unethical_academic_practices_through_ethical_tools.pdf,ok,6,5506
2025_agentic_ai_quiz_learning_system_enhancing_mcq.pdf,ok,8,5990
2025_enhancing_professional_development_engineering_students_through_ai.pdf,ok,9,6559
2025_panel_name_artificial_intelligence_engineering_computing_education.pdf,ok,3,1196
2024_iris_ai_driven_virtual_tutor_computer_science.pdf,ok,7,6404
2024_open_source_language_models_can_provide_feedback.pdf,ok,7,6895
2025_all_roads_lead_chatgpt_how_generative_ai.pdf,ok,7,7263
2026_generative_ai_empowering_college_english_classroom_research.pdf,ok,7,4295
2024_automating_human_tutor_style_programming_feedback_leveraging.pdf,ok,12,9948
2024_promoting_ethical_use_generative_ai_education.pdf,ok,6,3933
2025_codelens_generative_ai_framework_automated_feedback_sql.pdf,ok,6,5410
2024_generative_ai_cs_education_literature_review_through.pdf,ok,6,5168
2024_reacting_generative_ai_insights_student_faculty_discussions.pdf,ok,11,9904
2024_plagiarism_age_generative_ai_cheating_method_change.pdf,ok,11,9114
2026_ai_supported_333_teaching_framework_generative_models.pdf,ok,8,5211
2024_generative_ai_enhanced_academic_writing_stakeholder_centric.pdf,ok,7,5537
2024_feedback_feedback_comparing_classic_natural_language_processing.pdf,ok,11,9645
2026_you_re_not_learning_layered_formative_intervention.pdf,ok,7,6887
2026_detecting_ai_generated_code_introductory_programming_courses.pdf,ok,7,5151
2026_programming_challenges_perceptions_study_separate_groups_before.pdf,ok,29,16729
2025_critical_approach_chatgpt_experience_sql_learning.pdf,ok,7,5199
2024_cs1_llm_integrating_llms_cs1_instruction.pdf,ok,7,6403
2025_fostering_responsible_ai_use_through_negative_expertise.pdf,ok,7,6530
2025_chatgpt_introductory_programming_counterbalanced_evaluation_code_quality.pdf,ok,7,6106
2025_undergraduate_cybersecurity_redesign_genai_era_beyond_authentic.pdf,ok,5,3687
2026_stop_grading_artifact_traceability_new_core_assessment.pdf,ok,8,6521
2025_counting_trees_forest_evaluating_prompt_segmentation_classifying.pdf,ok,7,5706
2024_navigating_cooked_data_framework_understanding_genai_s.pdf,ok,6,4573
2026_closing_loop_instructor_loop_ai_assistance_system.pdf,ok,7,6313
2026_aligning_small_language_models_programming_feedback_scalable.pdf,ok,7,6960
2023_exploring_role_chatgpt_education_applications_challenges.pdf,ok,6,4757
2024_semantic_similarity_search_source_code_plagiarism_detection.pdf,ok,7,6308
2025_evaluating_ai_models_autograding_explain_plain_english.pdf,ok,29,15175
2025_enhancing_marked_peer_feedback_functionality_llm_support.pdf,ok,7,6565
2023_understanding_geospatial_skills_chatgpt_taking_geographic_information.pdf,ok,10,9302
2026_authentic_teaching_assessment_simulation_off_shoring_project.pdf,ok,7,4624
2026_transforming_university_assessments_ai_era_innovative_solutions.pdf,ok,7,4569
2025_opportunities_large_language_models_programming_process_data.pdf,ok,9,9407
2024_combining_llm_generated_test_feedback_mooc_programming.pdf,ok,11,7872
2026_you_don_t_need_data_center_explain.pdf,ok,7,6644
2026_evaluating_assessment_practices_team_computing_capstone_projects.pdf,ok,36,29212
2025_evaluating_gpt_use_k_12_block_cs.pdf,ok,7,5981
2024_sieving_coding_assignments_over_submissions_generated_ai.pdf,ok,11,8353
2024_tackling_students_coding_assignments_llms.pdf,ok,8,6982
2024_style_anomalies_can_suggest_cheating_cs1_programs.pdf,ok,7,5992
2026_code_rubrics_multimodal_evaluation_llm_systems_automated.pdf,ok,12,7901
2024_next_step_hint_generation_introductory_programming_large.pdf,ok,10,8919
2025_detecting_ai_generated_pseudocode_high_school_online.pdf,ok,7,6450
2024_treequestion_assessing_conceptual_learning_outcomes_llm_generated.pdf,ok,29,14226
2026_grade_like_human_rethinking_automated_assessment_large.pdf,ok,8,6835
2026_generative_artificial_intelligence_empowering_higher_education_current.pdf,ok,8,4465
2024_students_perceptions_intentions_regarding_chatgpt_usage_higher.pdf,ok,6,5145
2024_automated_detection_ai_obfuscated_plagiarism_modeling_assignments.pdf,ok,12,11346
2025_probing_unknown_exploring_student_interactions_probeable_problems.pdf,ok,7,6795
2023_ban_till_understand_resistance_futile_how_university.pdf,ok,16,17342
2024_use_ai_driven_code_generation_models_teaching.pdf,ok,12,7959
2024_exploring_potential_large_language_models_grading_tool.pdf,ok,7,4780
2024_grading_programming_assignments_summarization.pdf,ok,6,4380
2024_ai_teaches_art_elegant_coding_timely_fair.pdf,ok,7,5672
2025_genai_context_african_universities_crisis_tertiary_education.pdf,ok,11,7253
2024_students_perception_use_ai_detector_system_faculty.pdf,ok,6,5280
2026_open_ended_structured_question_assessment_human_llm.pdf,ok,21,16139
2023_can_generative_pre_trained_transformers_gpt_pass.pdf,ok,7,6550
2025_english_composition_image_automatic_scoring_multi_modal.pdf,ok,8,5440
2022_automatic_generation_programming_exercises_code_explanations_large.pdf,ok,17,16812
2026_fine_grained_rubric_aware_automated_scoring_programming.pdf,ok,5,2554
2026_between_evaluation_facilitation_teaching_assistants_challenges_hci.pdf,ok,6,5187
2025_navigating_landscape_automated_feedback_generation_techniques_programming.pdf,ok,29,16859
2023_chatgpt_next_generation_science_learning.pdf,ok,5,2818
2024_development_chatbots_connected_learning_management_systems_support.pdf,ok,5,4011
2024_prompting_comprehension_exploring_intersection_explain_plain_english.pdf,ok,12,10598
2024_seeing_how_sausage_made_data_storytelling_means.pdf,ok,6,6297
2026_bot_prof_comparing_characteristics_ai_generated_instructor.pdf,ok,10,9128
2026_annotategpt_designing_humanai_collaboration_pen_document_annotation.pdf,ok,25,14412
2025_how_adding_metacognitive_requirements_support_ai_feedback.pdf,ok,12,10387
2025_ai_driven_microelectronics_education_digital_twins_extended.pdf,ok,6,4761
2026_evaluating_austrian_level_german_essays_large_language.pdf,ok,8,6313
2026_application_status_improvement_suggestions_genai_china_s.pdf,ok,7,5233
2025_integrating_generative_ai_engineering_education_case_study.pdf,ok,16,12315
2023_modernizing_engineering_education_2023_minimizing_academic_honesty_2456.pdf,missing,0,0
2026_benchmarking_ai_models_grading_cs_assignments_across.pdf,ok,20,7184
2025_generating_distractors_code_completion_problems_can_llm.pdf,ok,8,6242
2025_teaching_generative_ai_ethical_human_ai_co.pdf,ok,6,2769
2024_perceptions_engineering_college_instructors_students_generative_artificial.pdf,ok,16,7159
2024_characterizing_computing_students_use_generative_ai.pdf,ok,24,7059
2025_mislec4edu_ai_enabled_platform_asynchronous_personalized_learning.pdf,ok,9,3754
2024_impacts_generative_ai_engineering_product_design_students.pdf,ok,6,3014
2024_faculty_perspectives_undergraduate_use_generative_artificial_intelligence.pdf,ok,8,3513
2025_automatic_generation_test_tasks_chatgpt_api.pdf,ok,9,3488
2024_board_48_perceptions_chatgpt_engineering_education_2022.pdf,ok,8,3094
2024_students_perception_use_ai_tools_first_year.pdf,ok,11,4514
2024_generative_ai_graduate_level_capstone_course_design.pdf,ok,20,7960
2024_evaluation_utilization_generative_artificial_intelligence_tools_among.pdf,ok,19,8096
2024_evaluating_chatgpt_s_efficacy_qualitative_analysis_engineering.pdf,ok,16,6780
2024_examining_students_beliefs_use_chatgpt_engineering.pdf,ok,20,9274
2024_scalable_automated_grading_leveraging_large_language_models.pdf,ok,40,34861
2025_secure_local_generative_ai_coding_assistant_cdio.pdf,ok,13,10796
2023_pushing_ethics_assessment_forward_engineering_nlp_assisted.pdf,ok,18,7238
2025_task_design_assessment_strategies_ai_influenced_education.pdf,ok,72,39126
2025_transformation_higher_education_ecosystem_context_artificial_intelligence.pdf,ok,13,6533
2025_innovative_pedagogy_framework_learning_personalisation_learning_experience.pdf,ok,14,6821
2024_ethical_use_generative_ai_engineering_assessing_students.pdf,ok,13,5333
2024_reshaping_engineering_technology_education_fostering_critical_thinking.pdf,ok,13,5208
2025_application_provide_optimal_solution_systematic_grading_autonomous.pdf,missing,0,0
2025_treachery_deceit_detecting_dissuading_ai_cheating.pdf,ok,21,7647
2024_mitigating_use_artificial_intelligence_student_assignments.pdf,ok,9,3451
2026_.pdf,ok,23,11294
2025_integrating_peer_assessment_cycle_chatgpt_stem_education.pdf,ok,19,12544
2025__2561.pdf,ok,25,10892
2026__2562.pdf,ok,14,5165
2025__2563.pdf,ok,31,20776
2026__2565.pdf,ok,21,12360
2025__2566.pdf,ok,31,11698
2025__2567.pdf,ok,11,5421
2025__2570.pdf,ok,25,11777
2026__2571.pdf,ok,15,5499
2026__2572.pdf,ok,27,12070
2025__2574.pdf,ok,36,15213
2025__2577.pdf,ok,40,16280
2026__2579.pdf,ok,29,7291
2025__2580.pdf,ok,15,5967
2025__2581.pdf,ok,13,4832
2024_.pdf,ok,15,12475
2025__2586.pdf,ok,34,14571
2024__2590.pdf,ok,14,8348
2024__2591.pdf,ok,27,7509
2024__2592.pdf,ok,13,6243
2024__2595.pdf,ok,14,5413
2025__2597.pdf,ok,24,10799
2024__2598.pdf,ok,13,6255
2024__2599.pdf,ok,33,15279
2025__2601.pdf,ok,21,5983
2025__2602.pdf,ok,40,18058
2024__2604.pdf,ok,21,9803
2025__2605.pdf,ok,29,16859
2023_.pdf,ok,57,27761
2024__2609.pdf,ok,32,17618
2025__2613.pdf,ok,30,13384
2023__2614.pdf,ok,24,16246
2025__2615.pdf,ok,54,20259
2025__2616.pdf,ok,30,15790
2025__2617.pdf,ok,28,12421
2023__2623.pdf,ok,26,12560
